grupo,canal,channel_id,formato,creado,suscriptores,vistas_promedio,vistas_mes,ingreso_mes_usd,rpm_usd,monetizado,nota
casos_frios,Cold Case Reopened,UCHF9iZLaa0d3kRYNKtXrlrw,fotos + motion graphics; casos fríos resueltos,2026-04-28,15400,42360,1115969,2757,4.24,si,sus virales eran cortos (17-27 min) con miniatura MISSING; ahora 40-49 min y miniatura UNSOLVED clonada: 3-14K vistas
casos_frios,Root of Crime,UCL8zagq4oOtCLsp1GOcvtWw,casos fríos 15-25 min (Nexlev lo marca IA),2026-08-17,4430,64612,688553,2331,,si,el que más rápido creció
casos_frios,Crimewatch Central,UCU3bje7O_BFzvCQZ5X4eRCw,casos fríos,2026-04-10,27100,105596,129124,621,,si,un video de 1.1M (Florida 1981)
casos_frios,Cold Case Uncovered,UCaLHjT8PR0LShBIW-mgLmZw,casos fríos,2026-05-22,15600,74431,238675,566,,si,misma fórmula de título
casos_frios,CrimeWatch,UCQBstbrCfiXAJOITV4Zyv8g,casos fríos ADN; 40% fotos 40% stock,2026-04-01,5850,20082,10705,31,4.79,si,se estancó tras un viral de 384K
casos_frios,Cold Case Desk,UCYkGNNJl0mkaVHGI-pnp2ag,niños desaparecidos 1h-1h40,2025-08-27,10700,11629,6917,50,,si,lo largo no lo salvó
casos_frios,Othram Studios,UCnej50nPDuWlDxfIq87IGeQ,el laboratorio de ADN,,60600,97251,,,4.04,si,fuente de casos nuevos
casos_frios,Untold Crime Cases,UChwacl2_CF6bs4oy_NgFKBw,marcado IA,2025-10-17,29900,58483,33596,0,,NO,viral de 1.5M y sin monetizar
casos_frios,Cold Case Narrator,UCZQRfeGSlwy5wDa1f8DIceA,marcado IA,2026-05-14,4990,15070,23789,0,,NO,viral de 508K y sin monetizar
casos_frios,Crime Files Unlocked,UCPK3vJJKCLUibMqTJaket3g,marcado IA,2026-02-04,4640,9555,0,0,,NO,viral de 219K y sin monetizar
casos_frios,Crime Narrator,UCNvQbWIn4_ECZD5MzJ9wR_w,marcado IA,2026-01-14,27000,32292,57411,0,,NO,
ilustrativo,The Mystery Abyss,UCVp68NDqAm_0s7pbC3XP24w,voz IA; 60% stock 40% fotos; 45 min-2 h,2023-06-19,144000,123166,1286560,11615,14.34,si,monetiza por su cuenta (sin CMS); 0.5 videos por semana
ilustrativo,True Crime- FLO,UCh34myfeCNr0CLOpKF43mIQ,voz IA; 50% stock 40% fotos; 23 min,2026-03-27,10300,64956,1028151,4045,3.75,si,sin CMS
ilustrativo,Case Reconstructed,UCdjBfXBqGOIlCM52HnzAh2Q,recreaciones con actores + stock; narrador humano,2025-10-07,24600,76434,2160305,4349,5.04,si,sin CMS
ilustrativo,The Infographics Show - True Crime,UC5u7ILNTWoQOCLcoqXEt2gQ,animación 2D; narrador humano,2025-10-16,62200,157842,1919958,9194,16.32,si,CMS Dark Matter Design LLC (27 canales)
ilustrativo,Northern Crimes,UCFtWkGb25CyTJy3Q9fKxQsw,regional; fotos + 20% animación 2D; recopilaciones de 2-4 h,2022-01-03,116000,110653,1250038,3431,8.99,si,
ilustrativo,Morbid Report,UCNRZLDF4OeJSNgfJ1TdmSFQ,multi-caso 1-2 h; stock + recreaciones,2026-05-08,9630,46888,401594,3626,10.03,si,mejor referencia del formato largo
ilustrativo,Dark Case Documentaries,UCUsE2vix9xcbgY7sJKLRZlw,95% fotos; lento,2020-07-09,303000,66970,1106278,6883,10.36,si,
ilustrativo,THE CASE VAULT,UCjuwtKw5AJ4ibX4eIbpGiXw,100% fotos; 10 casos por estado; 1 h,2025-09-24,18500,14085,375845,2387,11.22,si,marcado IA; 5 videos por semana
ilustrativo,Crime Inquiry,UCDSfX_PyWy9_7QlTvU_Oo6w,fotos + stock; 90-100 min por estado,2025-05-04,8410,19334,626154,1398,3.69,si,
ilustrativo,Haunting Cases,UC76zqmR0_r07iX-aIc7dwwg,10 casos por estado; ~1 h,2025-05-31,10500,13997,78042,607,7.78,si,
ilustrativo,The Face of Evil,UCA59cKMSPTcWHKlK77lECXw,93% fotos; lento,2025-01-16,5520,17318,76588,456,3.23,si,
ilustrativo,Nexcrime,UCxAhfa6OzagZFozlT7P9AFg,fotos + noticias + 2D/3D (la mezcla de NexaTube),2025-11-10,5510,113399,82892,301,4.13,si,9 videos; un viral de 1M; sube poco
ilustrativo,Crime Daily,UC2TWck0QQgri-en8813vK2Q,65% stock + 20% recreaciones,,3780,5031,,,10.07,si,
ilustrativo,The Guilty - Crime,UCXtZTDxBrVIcm1nb7nDZ2Mg,fotos 48% + stock,2023-11-08,75200,66092,,,6.23,si,
ilustrativo,Final Verdict,UC5PIAFq2PUqTbVxFdexKQCg,90% video IA + narrador humano; ejecuciones,2023-12-28,42900,60674,,,5.5,si,
ilustrativo,Serial Killers Documentaries,UCPnXkFy7z7JoLBtV2LLK2cQ,solo fotos; 3 cortes por minuto,2013-12-11,842000,201790,,,6.23,si,
ilustrativo,Unreal True Crime,UCrD9iL5Lkzio-llw6dXDw_w,solo texto animado; marcado IA,2023-02-27,148000,58411,,,10.04,si,mismo título que FLO
ilustrativo,True Crime Chronicles,UCUpPkOO3HTVlof4MGt8uE6Q,documental,2023-09-02,288000,67747,1655765,10353,6.25,si,
aviso_ia,Where Guilt Lives,UCbYqeLjhZ0uluGWdvQSUQqg,escenas recreadas con IA; casos de menores,2025-04-15,38800,29265,175497,0,,NO,sin monetizar y parado desde enero de 2026
aviso_ia,TRUE CRIME ANATOMY,UCKRbY5O-b_mBoMzhLU4FdMA,marcado IA,2024-12-25,79700,63683,35401,137,3.88,si,parado desde julio de 2026
grabaciones,Red File,UCNpjH9MosivtBOa45Hbu39g,interrogatorios reales + narrador humano,2026-02-25,107000,1249211,,,9.39,si,el líder; un video de 14M
grabaciones,Bloodlines,UCKsS25HcdJVjGabKBYpOs4Q,bodycam y cámaras de seguridad,2023-12-23,146000,172990,4769551,36251,6.44,si,
grabaciones,Clueless Criminal Interrogations,UCxIUtDkP-eqRQk3cFHp712g,interrogatorios,,64300,206059,5095536,32077,3.29,si,
grabaciones,DB Crime,UC1XW0GLUlh_6NHrogyBH2uA,75% bodycam e interrogatorio,2025-07-29,34900,128910,2431180,12116,5.12,si,
grabaciones,REDACTED CAM,UCNaHxwBlYKOSPkMkC-tze9A,bodycam; 95 min,,31300,157391,,,7.07,si,
grabaciones,ON: Solved Crimes,UCcSnsb0dmurZm6dxJnT_t4Q,87% interrogatorio; 1 h-1 h 40,2025-08-26,29100,68546,961978,7482,11.4,si,
grabaciones,Withered,UCDIxjKE1slKyGPiGKaejL6Q,73% bodycam + 12% 3D,2026-03-06,11400,359017,239157,1520,8.72,si,6 videos
grabaciones,Hidden,UCZA4nduTtC076VBLJUAZTGQ,bodycam,2023-12-18,143000,652997,3295829,21572,6.55,si,
grabaciones,Sinister End,UC1K1yGOMePEQJplM3jU1epA,bodycam,2025-04-23,234000,1385896,,,3.73,NO,viral de 9.2M y sin monetizar
noticiero,True Crime Effect,UCVrrRD0pbVDgoV37N4Y2CFw,45% clips de noticieros locales,2026-08-17,2320,58789,973680,5850,11.02,si,descartado por el usuario (estilo noticiero)
